{
  "cli": {
    "version": ">= 7.8.4",
    "appVersionSource": "remote"
  },
  "build": {
    "development": {
      "developmentClient": true,
      "distribution": "internal"
    },
    "development-simulator": {
      "developmentClient": true,
      "distribution": "internal",
      "ios": {
        "simulator": true
      }
    },
    "preview": {
      "distribution": "internal"
    },
    "production": {
      "android": {
        "buildType": "app-bundle"
      },
      "autoIncrement": true
    }
  },
  "submit": {
    "production": {}
  }
}
